Complexity metrics,Sun, 5 Dec 2021 18:37:59 GMT
Method,CogC,ev(G),iv(G),v(G)
"pt.iscte.iul.Action.clearFrame(JFrame)",0,1,1,1
"pt.iscte.iul.Action.clearTheFile(String)",0,1,1,1
"pt.iscte.iul.Action.convertMarkdownToHTML(String)",0,1,1,1
"pt.iscte.iul.Action.doAction(JFrame,String[],String[],int)",1,1,2,2
"pt.iscte.iul.Action.exportCSV(GitHubAPI,TrelloAPI)",0,1,1,1
"pt.iscte.iul.Action.homeScreen(JFrame,GitHubAPI,TrelloAPI)",2,1,2,2
"pt.iscte.iul.Action.saveData(String[],String[],String)",0,1,1,1
"pt.iscte.iul.ActionTests.convertMarkdownToHTMLTest()",0,1,1,1
"pt.iscte.iul.ActionTests.saveDataTest()",0,1,1,1
"pt.iscte.iul.CardUI.CardUI(Card,JFrame,TrelloAPI)",0,1,1,1
"pt.iscte.iul.CardUI.run()",6,1,4,4
"pt.iscte.iul.CardUI.showCardInfo()",0,1,1,1
"pt.iscte.iul.DataReader.getUserGitData(String)",0,1,1,1
"pt.iscte.iul.DataReader.getUserTrelloData(String)",0,1,1,1
"pt.iscte.iul.DataReaderTests.testDataReaderGit()",0,1,1,1
"pt.iscte.iul.DataReaderTests.testDataReaderTrello()",0,1,1,1
"pt.iscte.iul.DataSaver.exists(File)",0,1,1,1
"pt.iscte.iul.DataSaver.save(String[],String[],String)",0,1,1,1
"pt.iscte.iul.DataSaver.write(String[],String[],File)",2,1,3,3
"pt.iscte.iul.DataSaverTests.TestExists()",0,1,1,1
"pt.iscte.iul.DataSaverTests.TestSave()",0,1,1,1
"pt.iscte.iul.Encoding.decode(String)",0,1,1,1
"pt.iscte.iul.Encoding.encode(String)",0,1,1,1
"pt.iscte.iul.EncodingTests.once()",0,1,1,1
"pt.iscte.iul.EncodingTests.readmeEncodeDecode()",0,1,1,1
"pt.iscte.iul.GitHubAPI.Branch.equals(Object)",1,1,2,2
"pt.iscte.iul.GitHubAPI.Branch.getName()",0,1,1,1
"pt.iscte.iul.GitHubAPI.Collaborators.getAvatar()",0,1,1,1
"pt.iscte.iul.GitHubAPI.Collaborators.getLogin()",0,1,1,1
"pt.iscte.iul.GitHubAPI.Collaborators.getName()",0,1,1,1
"pt.iscte.iul.GitHubAPI.Collaborators.getProfile()",0,1,1,1
"pt.iscte.iul.GitHubAPI.Collaborators.setName(String)",0,1,1,1
"pt.iscte.iul.GitHubAPI.Commit.getCommitDate()",0,1,1,1
"pt.iscte.iul.GitHubAPI.Commit.getCommitMessage()",0,1,1,1
"pt.iscte.iul.GitHubAPI.Commit.unpackNested(Map<String, Object>)",0,1,1,1
"pt.iscte.iul.GitHubAPI.Commits.Commits(String,List<Commit>)",1,1,2,2
"pt.iscte.iul.GitHubAPI.Commits.getCommitList()",0,1,1,1
"pt.iscte.iul.GitHubAPI.Commits.getCommitter()",0,1,1,1
"pt.iscte.iul.GitHubAPI.Date.Date(String)",0,1,1,1
"pt.iscte.iul.GitHubAPI.Date.equals(Object)",4,3,4,6
"pt.iscte.iul.GitHubAPI.Date.getDay()",0,1,1,1
"pt.iscte.iul.GitHubAPI.Date.getMonth()",0,1,1,1
"pt.iscte.iul.GitHubAPI.Date.getYear()",0,1,1,1
"pt.iscte.iul.GitHubAPI.Date.toString()",0,1,1,1
"pt.iscte.iul.GitHubAPI.GitHubAPI(String,String,String)",0,1,1,1
"pt.iscte.iul.GitHubAPI.Repo.getCreatedAt()",0,1,1,1
"pt.iscte.iul.GitHubAPI.Tag.getName()",0,1,1,1
"pt.iscte.iul.GitHubAPI.Tag.getSha()",0,1,1,1
"pt.iscte.iul.GitHubAPI.Tag.unpackNested(Map<String, Object>)",0,1,1,1
"pt.iscte.iul.GitHubAPI.TagData.toString()",0,1,1,1
"pt.iscte.iul.GitHubAPI.User.getName()",0,1,1,1
"pt.iscte.iul.GitHubAPI.convert()",22,1,8,8
"pt.iscte.iul.GitHubAPI.getBranches()",2,2,1,3
"pt.iscte.iul.GitHubAPI.getCollaborators()",3,2,2,4
"pt.iscte.iul.GitHubAPI.getCommits(String,String)",6,3,2,5
"pt.iscte.iul.GitHubAPI.getFile(String,String)",0,1,1,1
"pt.iscte.iul.GitHubAPI.getStartTime()",0,1,1,1
"pt.iscte.iul.GitHubAPI.getTags()",1,1,2,2
"pt.iscte.iul.GitHubAPITests.branchTest()",1,1,2,2
"pt.iscte.iul.GitHubAPITests.commitTest()",0,1,1,1
"pt.iscte.iul.GitHubAPITests.dateTest()",0,1,1,1
"pt.iscte.iul.GitHubAPITests.fileTest()",0,1,1,1
"pt.iscte.iul.GitHubAPITests.noFileTest()",0,1,1,1
"pt.iscte.iul.GitHubAPITests.numberOfCollaborators()",1,1,2,2
"pt.iscte.iul.GitHubAPITests.once()",0,1,1,1
"pt.iscte.iul.GitHubAPITests.tagTest()",1,1,2,2
"pt.iscte.iul.HomeUI.HomeUI()",0,1,1,1
"pt.iscte.iul.HomeUI.actionPerformed(ActionEvent)",8,1,5,7
"pt.iscte.iul.HomeUI.addImages()",0,1,1,1
"pt.iscte.iul.HomeUI.addInboxes()",0,1,1,1
"pt.iscte.iul.HomeUI.addLabels()",0,1,1,1
"pt.iscte.iul.HomeUI.allFieldsFull(String[],String[])",6,5,3,5
"pt.iscte.iul.HomeUI.pop()",0,1,1,1
"pt.iscte.iul.HomeUI.showFrame(JFrame)",0,1,1,1
"pt.iscte.iul.JElements.JElements(JFrame,ArrayList<HoursPerUser>)",0,1,1,1
"pt.iscte.iul.JElements.actionPerformed(ActionEvent)",1,1,2,2
"pt.iscte.iul.JElements.addArtifactsTable(JFrame,TrelloAPI)",3,1,3,3
"pt.iscte.iul.JElements.addCommitsTable(JFrame,GitHubAPI)",0,1,1,1
"pt.iscte.iul.JElements.addHoursByCeremony(TrelloAPI,JFrame)",1,1,2,2
"pt.iscte.iul.JElements.addHoursInfo(JFrame,String,TrelloAPI)",0,1,1,1
"pt.iscte.iul.JElements.addNonArtifactsTable(JFrame,TrelloAPI)",3,1,3,3
"pt.iscte.iul.JElements.addSprintDatesTable(TrelloAPI,JFrame)",1,1,2,2
"pt.iscte.iul.JElements.addTable(ArrayList<HoursPerUser>,JFrame,JSpinner)",1,1,2,2
"pt.iscte.iul.JElements.addTagsTable(JFrame,GitHubAPI)",1,1,2,2
"pt.iscte.iul.JElements.addTestsTable(JFrame,TrelloAPI)",1,1,2,2
"pt.iscte.iul.JElements.getRate()",0,1,1,1
"pt.iscte.iul.Main.main(String[])",6,1,4,4
"pt.iscte.iul.Menus.ItemCard.getItem()",0,1,1,1
"pt.iscte.iul.Menus.ItemCard.getObject()",0,1,1,1
"pt.iscte.iul.Menus.Menus(JFrame,GitHubAPI,TrelloAPI)",0,1,1,1
"pt.iscte.iul.Menus.actionPerformed(ActionEvent)",7,1,5,5
"pt.iscte.iul.Menus.getjMenuItem(Collaborators)",1,1,2,2
"pt.iscte.iul.Menus.gitActionPerformed(ActionEvent)",3,1,3,3
"pt.iscte.iul.Menus.gitMenus()",1,1,2,2
"pt.iscte.iul.Menus.listsActionPerformed(ActionEvent)",2,1,2,2
"pt.iscte.iul.Menus.listsMenus()",6,1,4,4
"pt.iscte.iul.Menus.optionsActionPerformed(JMenuItem)",1,1,5,5
"pt.iscte.iul.Menus.optionsMenus()",0,1,1,1
"pt.iscte.iul.Menus.trelloActionPerformed(ActionEvent)",4,1,3,3
"pt.iscte.iul.Menus.trelloMenus()",0,1,1,1
"pt.iscte.iul.TrelloAPI.Board.getId()",0,1,1,1
"pt.iscte.iul.TrelloAPI.Board.getName()",0,1,1,1
"pt.iscte.iul.TrelloAPI.Board.getUrl()",0,1,1,1
"pt.iscte.iul.TrelloAPI.Card.getCreatedDate()",0,1,1,1
"pt.iscte.iul.TrelloAPI.Card.getDescription()",0,1,1,1
"pt.iscte.iul.TrelloAPI.Card.getDueDate()",1,1,2,2
"pt.iscte.iul.TrelloAPI.Card.getId()",0,1,1,1
"pt.iscte.iul.TrelloAPI.Card.getName()",0,1,1,1
"pt.iscte.iul.TrelloAPI.HoursPerUser.HoursPerUser(String,double,double)",0,1,1,1
"pt.iscte.iul.TrelloAPI.HoursPerUser.addCard()",0,1,1,1
"pt.iscte.iul.TrelloAPI.HoursPerUser.addEstimatedHours(double)",0,1,1,1
"pt.iscte.iul.TrelloAPI.HoursPerUser.addSpentHours(double)",0,1,1,1
"pt.iscte.iul.TrelloAPI.HoursPerUser.equals(Object)",3,3,2,4
"pt.iscte.iul.TrelloAPI.HoursPerUser.getCards()",0,1,1,1
"pt.iscte.iul.TrelloAPI.HoursPerUser.getEstimatedHours()",0,1,1,1
"pt.iscte.iul.TrelloAPI.HoursPerUser.getSpentHours()",0,1,1,1
"pt.iscte.iul.TrelloAPI.HoursPerUser.getUser()",0,1,1,1
"pt.iscte.iul.TrelloAPI.List.getId()",0,1,1,1
"pt.iscte.iul.TrelloAPI.List.getName()",0,1,1,1
"pt.iscte.iul.TrelloAPI.Member.getId()",0,1,1,1
"pt.iscte.iul.TrelloAPI.Member.getName()",0,1,1,1
"pt.iscte.iul.TrelloAPI.TrelloAPI(String,String,String)",0,1,1,1
"pt.iscte.iul.TrelloAPI.addObjectToList(Card,Pattern,ArrayList<HoursPerUser>)",9,1,6,6
"pt.iscte.iul.TrelloAPI.convertToCSV(int,int)",9,1,7,7
"pt.iscte.iul.TrelloAPI.getBoardCards()",0,1,1,1
"pt.iscte.iul.TrelloAPI.getBoardID()",3,3,3,3
"pt.iscte.iul.TrelloAPI.getBoardInfo()",0,1,1,1
"pt.iscte.iul.TrelloAPI.getBoardLists()",0,1,1,1
"pt.iscte.iul.TrelloAPI.getBoards()",0,1,1,1
"pt.iscte.iul.TrelloAPI.getCeremonyDescription(String,int)",3,3,3,3
"pt.iscte.iul.TrelloAPI.getDoneProductBacklog(int)",1,1,2,2
"pt.iscte.iul.TrelloAPI.getFeaturesAndTestsDates()",3,1,3,3
"pt.iscte.iul.TrelloAPI.getList(String)",3,3,2,3
"pt.iscte.iul.TrelloAPI.getListCards(String)",0,1,1,1
"pt.iscte.iul.TrelloAPI.getMemberOfCard(String)",0,1,1,1
"pt.iscte.iul.TrelloAPI.getSprintDates(int)",7,5,4,5
"pt.iscte.iul.TrelloAPI.getTotalCeremonyHours()",6,1,4,4
"pt.iscte.iul.TrelloAPI.getTotalHoursByUser(String,String,boolean...)",6,4,3,4
"pt.iscte.iul.TrelloAPI.getTotalNumberOfCeremonies()",1,1,2,2
"pt.iscte.iul.TrelloAPI.getTotalNumberOfCeremoniesPerSprint(int)",3,3,3,3
"pt.iscte.iul.TrelloAPI.httpRequest(String,String,String)",0,1,1,1
"pt.iscte.iul.TrelloAPI.queryLists(String,boolean...)",6,1,4,4
"pt.iscte.iul.TrelloAPITests.boardAttributes()",0,1,1,1
"pt.iscte.iul.TrelloAPITests.cardAttributes()",3,3,3,3
"pt.iscte.iul.TrelloAPITests.convertToCSV()",0,1,1,1
"pt.iscte.iul.TrelloAPITests.doneProductBacklog()",0,1,1,1
"pt.iscte.iul.TrelloAPITests.featuresAndTestsDates()",1,1,2,2
"pt.iscte.iul.TrelloAPITests.listAttributes()",0,1,1,1
"pt.iscte.iul.TrelloAPITests.listsThatStartWith()",0,1,1,1
"pt.iscte.iul.TrelloAPITests.numberOfBoards()",0,1,1,1
"pt.iscte.iul.TrelloAPITests.numberOfHoursCeremony()",0,1,1,1
"pt.iscte.iul.TrelloAPITests.numberOfHoursPerUser()",1,1,2,2
"pt.iscte.iul.TrelloAPITests.numberOfLists()",0,1,1,1
"pt.iscte.iul.TrelloAPITests.once()",0,1,1,1
"pt.iscte.iul.TrelloAPITests.sprintCeremonyDescription()",0,1,1,1
"pt.iscte.iul.TrelloAPITests.sprintDates()",0,1,1,1
"pt.iscte.iul.TrelloAPITests.totalNumberOfCeremonies()",0,1,1,1
"pt.iscte.iul.TrelloAPITests.totalNumberOfCeremoniesPerSprint()",0,1,1,1

Class,OCavg,OCmax,WMC
"pt.iscte.iul.Action",1.14,2,8
"pt.iscte.iul.ActionTests",1.00,1,2
"pt.iscte.iul.CardUI",1.33,2,4
"pt.iscte.iul.DataReader",1.00,1,2
"pt.iscte.iul.DataReaderTests",1.00,1,2
"pt.iscte.iul.DataSaver",1.67,3,5
"pt.iscte.iul.DataSaverTests",1.00,1,2
"pt.iscte.iul.Encoding",1.00,1,2
"pt.iscte.iul.EncodingTests",1.00,1,2
"pt.iscte.iul.GitHubAPI",2.75,8,22
"pt.iscte.iul.GitHubAPI.Branch",1.00,1,2
"pt.iscte.iul.GitHubAPI.Collaborators",1.00,1,5
"pt.iscte.iul.GitHubAPI.Commit",1.00,1,3
"pt.iscte.iul.GitHubAPI.CommitData",n/a,n/a,0
"pt.iscte.iul.GitHubAPI.Commits",1.33,2,4
"pt.iscte.iul.GitHubAPI.Date",1.33,3,8
"pt.iscte.iul.GitHubAPI.Repo",1.00,1,1
"pt.iscte.iul.GitHubAPI.Tag",1.00,1,3
"pt.iscte.iul.GitHubAPI.TagData",1.00,1,1
"pt.iscte.iul.GitHubAPI.User",1.00,1,1
"pt.iscte.iul.GitHubAPITests",1.38,2,11
"pt.iscte.iul.HomeUI",1.75,5,14
"pt.iscte.iul.JElements",1.67,2,20
"pt.iscte.iul.Main",3.00,3,3
"pt.iscte.iul.Menus",1.82,4,20
"pt.iscte.iul.Menus.ItemCard",1.00,1,2
"pt.iscte.iul.TrelloAPI",2.62,6,55
"pt.iscte.iul.TrelloAPI.Board",1.00,1,3
"pt.iscte.iul.TrelloAPI.Card",1.20,2,6
"pt.iscte.iul.TrelloAPI.HoursPerUser",1.22,3,11
"pt.iscte.iul.TrelloAPI.List",1.00,1,2
"pt.iscte.iul.TrelloAPI.Member",1.00,1,2
"pt.iscte.iul.TrelloAPITests",1.25,3,20

Package,v(G)avg,v(G)tot
"pt.iscte.iul",1.75,277

Module,v(G)avg,v(G)tot
"ES-LETI-1Sem-2021-Grupo10",1.75,277

Project,v(G)avg,v(G)tot
"project",1.75,277

